{"cameraMode":{"drawMode":0,"name":"Shaded","section":"Shading Mode"},"sceneLighting":true,"audioPlay":false,"sceneViewState":{"showFog":true,"showMaterialUpdate":false,"showSkybox":true,"showFlares":true,"showImageEffects":true,"showParticleSystems":true},"in2DMode":false,"pivot":{"x":-0.5183219909667969,"y":-6.253605842590332,"z":2.919722557067871},"rotation":{"x":-0.14024583995342256,"y":0.8585012555122376,"z":-0.37293770909309389,"w":-0.3228483498096466},"size":17.4368896484375,"orthographic":false}