{"cameraMode":{"drawMode":0,"name":"Shaded","section":"Shading Mode"},"sceneLighting":true,"audioPlay":false,"sceneViewState":{"showFog":true,"showMaterialUpdate":false,"showSkybox":true,"showFlares":true,"showImageEffects":true,"showParticleSystems":true},"in2DMode":false,"pivot":{"x":2.163214921951294,"y":-1.9964916706085206,"z":4.456635475158691},"rotation":{"x":-0.19200855493545533,"y":-0.27351313829421999,"z":0.05582166463136673,"w":-0.9408837556838989},"size":9.564173698425293,"orthographic":false}