{"cameraMode":{"drawMode":0,"name":"Shaded","section":"Shading Mode"},"sceneLighting":true,"audioPlay":false,"sceneViewState":{"showFog":true,"showMaterialUpdate":false,"showSkybox":true,"showFlares":true,"showImageEffects":true,"showParticleSystems":true},"in2DMode":false,"pivot":{"x":20.470502853393556,"y":48.291141510009769,"z":83.79680633544922},"rotation":{"x":-0.12428053468465805,"y":0.220420703291893,"z":-0.028315311297774316,"w":-0.9670629501342773},"size":100.18185424804688,"orthographic":false}