{"cameraMode":{"drawMode":0,"name":"Shaded","section":"Shading Mode"},"sceneLighting":true,"audioPlay":false,"sceneViewState":{"showFog":true,"showMaterialUpdate":false,"showSkybox":true,"showFlares":true,"showImageEffects":true,"showParticleSystems":true},"in2DMode":false,"pivot":{"x":24.790435791015626,"y":25.080074310302736,"z":118.19667053222656},"rotation":{"x":-0.07224638760089874,"y":0.008077722042798996,"z":-0.0005775158060714603,"w":-0.9973766803741455},"size":134.91969299316407,"orthographic":false}