{"cameraMode":{"drawMode":0,"name":"Shaded","section":"Shading Mode"},"sceneLighting":true,"audioPlay":false,"sceneViewState":{"showFog":true,"showMaterialUpdate":false,"showSkybox":true,"showFlares":true,"showImageEffects":true,"showParticleSystems":true},"in2DMode":false,"pivot":{"x":-2.977199077606201,"y":-3.333646535873413,"z":18.020923614501954},"rotation":{"x":-0.09999784082174301,"y":0.11228392273187638,"z":-0.011352897621691227,"w":-0.9885756969451904},"size":21.925514221191408,"orthographic":false}